{"cameraMode":{"drawMode":0,"name":"Shaded","section":"Shading Mode"},"sceneLighting":true,"audioPlay":false,"sceneViewState":{"m_AlwaysRefresh":false,"showFog":true,"showSkybox":true,"showFlares":true,"showImageEffects":true,"showParticleSystems":true,"showVisualEffectGraphs":true,"m_FxEnabled":true},"in2DMode":false,"pivot":{"x":469.9881591796875,"y":1114.568115234375,"z":145.735595703125},"rotation":{"x":-0.05128360912203789,"y":-0.009891225025057793,"z":0.0005068809259682894,"w":-0.9986294507980347},"size":488.6595458984375,"orthographic":false}